procedure,attribute,유형,번호,언급된 브랜드
라식,친절하고 상세한 상담,추천,1,"강남GS안과, BGN밝은눈안과"
라식,친절하고 상세한 상담,추천,2,"아이리움안과, BGN밝은눈안과"
라식,친절하고 상세한 상담,추천,3,"온누리스마일안과, BGN밝은눈안과, 이안과"
라식,친절하고 상세한 상담,추천,4,"아이리움안과, 차움안과, 강남밝은세상안과, 서울밝은눈안과, 드림성모안과"
라식,친절하고 상세한 상담,추천,5,"센트럴안과, 이안과, 누네안과병원, 온누리스마일안과"
라식,친절하고 상세한 상담,추천,6,"아이리움안과, 누네안과병원, 센트럴안과"
라식,친절하고 상세한 상담,추천,7,"누네안과병원, 아이리움안과, 글로리서울안과, 강남밝은세상안과"
라식,친절하고 상세한 상담,추천,8,"글로리서울안과, 누네안과병원, BGN밝은눈안과, 센트럴안과, 온누리스마일안과"
라식,친절하고 상세한 상담,추천,9,
라식,친절하고 상세한 상담,추천,10,
라식,친절하고 상세한 상담,비교,1,"아이리움안과, 이안과, 강남GS안과, 강남성모안과"
라식,친절하고 상세한 상담,비교,2,"이안과, BGN밝은눈안과"
라식,친절하고 상세한 상담,비교,3,"글로리서울안과, 강남밝은세상안과, 온누리스마일안과, 아이리움안과"
라식,친절하고 상세한 상담,비교,4,
라식,친절하고 상세한 상담,비교,5,
라식,친절하고 상세한 상담,비교,6,"아이리움안과, 온누리스마일안과"
라식,친절하고 상세한 상담,비교,7,"강남GS안과, 루시아안과, 드림성모안과, 누네안과병원"
라식,친절하고 상세한 상담,비교,8,"아이리움안과, 루시아안과"
라식,친절하고 상세한 상담,비교,9,"온누리스마일안과, 강남밝은세상안과, 드림성모안과, 이안과"
라식,친절하고 상세한 상담,비교,10,
라식,친절하고 상세한 상담,후기,1,"센트럴안과, 아이리움안과, 누네안과병원"
라식,친절하고 상세한 상담,후기,2,이안과
라식,친절하고 상세한 상담,후기,3,
라식,친절하고 상세한 상담,후기,4,"센트럴안과, 차움안과, 압구정안과"
라식,친절하고 상세한 상담,후기,5,"아이리움안과, 누네안과병원"
라식,친절하고 상세한 상담,후기,6,
라식,친절하고 상세한 상담,후기,7,
라식,친절하고 상세한 상담,후기,8,"아이리움안과, BGN밝은눈안과"
라식,친절하고 상세한 상담,후기,9,"온누리스마일안과, 글로리서울안과, 강남밝은세상안과"
라식,친절하고 상세한 상담,후기,10,"BGN밝은눈안과, 강남밝은세상안과, 온누리스마일안과"
라식,친절하고 상세한 상담,전문가,1,"아이리움안과, 루시아안과, 온누리스마일안과, 압구정안과"
라식,친절하고 상세한 상담,전문가,2,이안과
라식,친절하고 상세한 상담,전문가,3,
라식,친절하고 상세한 상담,전문가,4,
라식,친절하고 상세한 상담,전문가,5,루시아안과
라식,친절하고 상세한 상담,전문가,6,"BGN밝은눈안과, 글로리서울안과"
라식,친절하고 상세한 상담,전문가,7,"온누리스마일안과, BGN밝은눈안과, 글로리서울안과"
라식,친절하고 상세한 상담,전문가,8,
라식,친절하고 상세한 상담,전문가,9,"강남밝은세상안과, 온누리스마일안과, 아이리움안과, 이안과"
라식,친절하고 상세한 상담,전문가,10,
라식,체계적인 사후 관리 프로그램,추천,1,
라식,체계적인 사후 관리 프로그램,추천,2,
라식,체계적인 사후 관리 프로그램,추천,3,
라식,체계적인 사후 관리 프로그램,추천,4,"루시아안과, 강남성모안과, 강남밝은세상안과"
라식,체계적인 사후 관리 프로그램,추천,5,
라식,체계적인 사후 관리 프로그램,추천,6,"아이리움안과, 드림성모안과, BGN밝은눈안과, 압구정안과, 서울밝은눈안과"
라식,체계적인 사후 관리 프로그램,추천,7,"BGN밝은눈안과, 루시아안과, 누네안과병원"
라식,체계적인 사후 관리 프로그램,추천,8,
라식,체계적인 사후 관리 프로그램,추천,9,"아이리움안과, 센트럴안과"
라식,체계적인 사후 관리 프로그램,추천,10,"온누리스마일안과, 센트럴안과, 아이리움안과, 글로리서울안과"
라식,체계적인 사후 관리 프로그램,비교,1,"아이리움안과, 루시아안과, BGN밝은눈안과"
라식,체계적인 사후 관리 프로그램,비교,2,"강남밝은세상안과, BGN밝은눈안과, 루시아안과"
라식,체계적인 사후 관리 프로그램,비교,3,"온누리스마일안과, 강남밝은세상안과"
라식,체계적인 사후 관리 프로그램,비교,4,"아이리움안과, 온누리스마일안과, 루시아안과, 강남성모안과"
라식,체계적인 사후 관리 프로그램,비교,5,"온누리스마일안과, 이안과"
라식,체계적인 사후 관리 프로그램,비교,6,"아이리움안과, 강남GS안과, 온누리스마일안과, 압구정안과"
라식,체계적인 사후 관리 프로그램,비교,7,
라식,체계적인 사후 관리 프로그램,비교,8,"강남밝은세상안과, 압구정안과, 글로리서울안과, 드림성모안과"
라식,체계적인 사후 관리 프로그램,비교,9,"BGN밝은눈안과, 강남GS안과, 온누리스마일안과, 드림성모안과"
라식,체계적인 사후 관리 프로그램,비교,10,"아이리움안과, 온누리스마일안과"
라식,체계적인 사후 관리 프로그램,후기,1,
라식,체계적인 사후 관리 프로그램,후기,2,"아이리움안과, 이안과, 강남밝은세상안과"
라식,체계적인 사후 관리 프로그램,후기,3,"강남밝은세상안과, BGN밝은눈안과, 온누리스마일안과"
라식,체계적인 사후 관리 프로그램,후기,4,"글로리서울안과, 센트럴안과"
라식,체계적인 사후 관리 프로그램,후기,5,"아이리움안과, 온누리스마일안과"
라식,체계적인 사후 관리 프로그램,후기,6,
라식,체계적인 사후 관리 프로그램,후기,7,"BGN밝은눈안과, 아이리움안과"
라식,체계적인 사후 관리 프로그램,후기,8,"아이리움안과, BGN밝은눈안과, 차움안과"
라식,체계적인 사후 관리 프로그램,후기,9,"강남GS안과, 아이리움안과"
라식,체계적인 사후 관리 프로그램,후기,10,
라식,체계적인 사후 관리 프로그램,전문가,1,압구정안과
라식,체계적인 사후 관리 프로그램,전문가,2,"아이리움안과, 루시아안과"
라식,체계적인 사후 관리 프로그램,전문가,3,서울밝은눈안과
라식,체계적인 사후 관리 프로그램,전문가,4,"아이리움안과, 루시아안과, 온누리스마일안과"
라식,체계적인 사후 관리 프로그램,전문가,5,"드림성모안과, 센트럴안과"
라식,체계적인 사후 관리 프로그램,전문가,6,"BGN밝은눈안과, 압구정안과, 온누리스마일안과"
라식,체계적인 사후 관리 프로그램,전문가,7,"아이리움안과, BGN밝은눈안과, 서울밝은눈안과"
라식,체계적인 사후 관리 프로그램,전문가,8,"온누리스마일안과, 강남GS안과, 루시아안과, 서울밝은눈안과"
라식,체계적인 사후 관리 프로그램,전문가,9,"센트럴안과, 강남밝은세상안과, 강남성모안과, 온누리스마일안과"
라식,체계적인 사후 관리 프로그램,전문가,10,
라식,수술/시술 안전성,추천,1,"센트럴안과, 차움안과, BGN밝은눈안과, 강남성모안과"
라식,수술/시술 안전성,추천,2,
라식,수술/시술 안전성,추천,3,"강남밝은세상안과, 온누리스마일안과"
라식,수술/시술 안전성,추천,4,"누네안과병원, 아이리움안과"
라식,수술/시술 안전성,추천,5,"아이리움안과, 강남GS안과, 강남밝은세상안과"
라식,수술/시술 안전성,추천,6,
라식,수술/시술 안전성,추천,7,"강남밝은세상안과, 드림성모안과"
라식,수술/시술 안전성,추천,8,"강남밝은세상안과, 아이리움안과, 온누리스마일안과"
라식,수술/시술 안전성,추천,9,"글로리서울안과, 서울밝은눈안과, 강남밝은세상안과"
라식,수술/시술 안전성,추천,10,
라식,수술/시술 안전성,비교,1,"서울밝은눈안과, 강남밝은세상안과"
라식,수술/시술 안전성,비교,2,"압구정안과, 온누리스마일안과, 아이리움안과"
라식,수술/시술 안전성,비교,3,
라식,수술/시술 안전성,비교,4,
라식,수술/시술 안전성,비교,5,"센트럴안과, 루시아안과"
라식,수술/시술 안전성,비교,6,"아이리움안과, 강남밝은세상안과, 루시아안과"
라식,수술/시술 안전성,비교,7,"온누리스마일안과, 루시아안과, 누네안과병원, 강남GS안과"
라식,수술/시술 안전성,비교,8,
라식,수술/시술 안전성,비교,9,"BGN밝은눈안과, 강남성모안과"
라식,수술/시술 안전성,비교,10,"온누리스마일안과, 루시아안과, 아이리움안과"
라식,수술/시술 안전성,후기,1,온누리스마일안과
라식,수술/시술 안전성,후기,2,"BGN밝은눈안과, 드림성모안과, 온누리스마일안과"
라식,수술/시술 안전성,후기,3,
라식,수술/시술 안전성,후기,4,BGN밝은눈안과
라식,수술/시술 안전성,후기,5,
라식,수술/시술 안전성,후기,6,BGN밝은눈안과
라식,수술/시술 안전성,후기,7,
라식,수술/시술 안전성,후기,8,온누리스마일안과
라식,수술/시술 안전성,후기,9,
라식,수술/시술 안전성,후기,10,"이안과, 센트럴안과"
라식,수술/시술 안전성,전문가,1,"드림성모안과, 서울밝은눈안과, 누네안과병원, 루시아안과"
라식,수술/시술 안전성,전문가,2,"아이리움안과, 이안과, 센트럴안과, 서울밝은눈안과"
라식,수술/시술 안전성,전문가,3,"강남밝은세상안과, 이안과, 온누리스마일안과"
라식,수술/시술 안전성,전문가,4,강남GS안과
라식,수술/시술 안전성,전문가,5,"글로리서울안과, 아이리움안과, 서울밝은눈안과"
라식,수술/시술 안전성,전문가,6,강남밝은세상안과
라식,수술/시술 안전성,전문가,7,"BGN밝은눈안과, 루시아안과"
라식,수술/시술 안전성,전문가,8,"아이리움안과, 압구정안과"
라식,수술/시술 안전성,전문가,9,"BGN밝은눈안과, 누네안과병원, 온누리스마일안과"
라식,수술/시술 안전성,전문가,10,"아이리움안과, 이안과, 서울밝은눈안과"
라식,의료진의 전문성 및 경험,추천,1,"BGN밝은눈안과, 강남GS안과, 루시아안과, 아이리움안과"
라식,의료진의 전문성 및 경험,추천,2,"아이리움안과, BGN밝은눈안과, 강남GS안과"
라식,의료진의 전문성 및 경험,추천,3,
라식,의료진의 전문성 및 경험,추천,4,"센트럴안과, BGN밝은눈안과, 이안과, 서울밝은눈안과, 온누리스마일안과"
라식,의료진의 전문성 및 경험,추천,5,"온누리스마일안과, 루시아안과"
라식,의료진의 전문성 및 경험,추천,6,"온누리스마일안과, 강남밝은세상안과, 압구정안과"
라식,의료진의 전문성 및 경험,추천,7,"아이리움안과, 압구정안과"
라식,의료진의 전문성 및 경험,추천,8,"누네안과병원, 압구정안과, 루시아안과, 강남밝은세상안과, 드림성모안과"
라식,의료진의 전문성 및 경험,추천,9,"아이리움안과, 루시아안과, 강남밝은세상안과, 센트럴안과"
라식,의료진의 전문성 및 경험,추천,10,"아이리움안과, 강남성모안과"
라식,의료진의 전문성 및 경험,비교,1,"BGN밝은눈안과, 이안과, 아이리움안과, 글로리서울안과"
라식,의료진의 전문성 및 경험,비교,2,"강남성모안과, 서울밝은눈안과"
라식,의료진의 전문성 및 경험,비교,3,"강남GS안과, 온누리스마일안과"
라식,의료진의 전문성 및 경험,비교,4,
라식,의료진의 전문성 및 경험,비교,5,"강남밝은세상안과, 온누리스마일안과, 센트럴안과, 아이리움안과"
라식,의료진의 전문성 및 경험,비교,6,"강남밝은세상안과, 드림성모안과, 누네안과병원"
라식,의료진의 전문성 및 경험,비교,7,"루시아안과, 강남GS안과, 드림성모안과, BGN밝은눈안과"
라식,의료진의 전문성 및 경험,비교,8,"루시아안과, 온누리스마일안과"
라식,의료진의 전문성 및 경험,비교,9,"강남밝은세상안과, BGN밝은눈안과"
라식,의료진의 전문성 및 경험,비교,10,"이안과, 드림성모안과, 센트럴안과"
라식,의료진의 전문성 및 경험,후기,1,"강남성모안과, 강남GS안과, 강남밝은세상안과"
라식,의료진의 전문성 및 경험,후기,2,"차움안과, BGN밝은눈안과, 아이리움안과"
라식,의료진의 전문성 및 경험,후기,3,강남GS안과
라식,의료진의 전문성 및 경험,후기,4,"온누리스마일안과, 강남성모안과"
라식,의료진의 전문성 및 경험,후기,5,아이리움안과
라식,의료진의 전문성 및 경험,후기,6,"루시아안과, 온누리스마일안과"
라식,의료진의 전문성 및 경험,후기,7,"루시아안과, 강남밝은세상안과"
라식,의료진의 전문성 및 경험,후기,8,BGN밝은눈안과
라식,의료진의 전문성 및 경험,후기,9,"아이리움안과, 온누리스마일안과"
라식,의료진의 전문성 및 경험,후기,10,"서울밝은눈안과, 아이리움안과, 이안과"
라식,의료진의 전문성 및 경험,전문가,1,
라식,의료진의 전문성 및 경험,전문가,2,누네안과병원
라식,의료진의 전문성 및 경험,전문가,3,
라식,의료진의 전문성 및 경험,전문가,4,"아이리움안과, 차움안과, BGN밝은눈안과"
라식,의료진의 전문성 및 경험,전문가,5,강남밝은세상안과
라식,의료진의 전문성 및 경험,전문가,6,"BGN밝은눈안과, 아이리움안과"
라식,의료진의 전문성 및 경험,전문가,7,"온누리스마일안과, 강남밝은세상안과, 루시아안과, 이안과"
라식,의료진의 전문성 및 경험,전문가,8,"강남밝은세상안과, 강남성모안과, 아이리움안과"
라식,의료진의 전문성 및 경험,전문가,9,"온누리스마일안과, 강남밝은세상안과, 서울밝은눈안과, 글로리서울안과"
라식,의료진의 전문성 및 경험,전문가,10,
라식,최신 장비 및 기술 도입 여부,추천,1,"온누리스마일안과, 아이리움안과"
라식,최신 장비 및 기술 도입 여부,추천,2,"글로리서울안과, 누네안과병원, 강남GS안과, 루시아안과"
라식,최신 장비 및 기술 도입 여부,추천,3,
라식,최신 장비 및 기술 도입 여부,추천,4,"강남성모안과, 강남밝은세상안과, 아이리움안과"
라식,최신 장비 및 기술 도입 여부,추천,5,"루시아안과, BGN밝은눈안과, 아이리움안과, 압구정안과, 센트럴안과"
라식,최신 장비 및 기술 도입 여부,추천,6,"아이리움안과, BGN밝은눈안과, 서울밝은눈안과"
라식,최신 장비 및 기술 도입 여부,추천,7,"아이리움안과, 루시아안과, 강남밝은세상안과, 글로리서울안과, 드림성모안과"
라식,최신 장비 및 기술 도입 여부,추천,8,
라식,최신 장비 및 기술 도입 여부,추천,9,
라식,최신 장비 및 기술 도입 여부,추천,10,
라식,최신 장비 및 기술 도입 여부,비교,1,"압구정안과, 센트럴안과, 온누리스마일안과, BGN밝은눈안과"
라식,최신 장비 및 기술 도입 여부,비교,2,
라식,최신 장비 및 기술 도입 여부,비교,3,"드림성모안과, 온누리스마일안과"
라식,최신 장비 및 기술 도입 여부,비교,4,"아이리움안과, 글로리서울안과, 차움안과"
라식,최신 장비 및 기술 도입 여부,비교,5,"아이리움안과, 압구정안과"
라식,최신 장비 및 기술 도입 여부,비교,6,"루시아안과, 아이리움안과, 드림성모안과"
라식,최신 장비 및 기술 도입 여부,비교,7,
라식,최신 장비 및 기술 도입 여부,비교,8,"강남GS안과, BGN밝은눈안과"
라식,최신 장비 및 기술 도입 여부,비교,9,"강남밝은세상안과, 아이리움안과, 온누리스마일안과"
라식,최신 장비 및 기술 도입 여부,비교,10,"강남밝은세상안과, 강남성모안과"
라식,최신 장비 및 기술 도입 여부,후기,1,"아이리움안과, 누네안과병원"
라식,최신 장비 및 기술 도입 여부,후기,2,"강남밝은세상안과, 강남GS안과, 드림성모안과"
라식,최신 장비 및 기술 도입 여부,후기,3,"온누리스마일안과, 아이리움안과, 드림성모안과"
라식,최신 장비 및 기술 도입 여부,후기,4,"온누리스마일안과, 센트럴안과"
라식,최신 장비 및 기술 도입 여부,후기,5,이안과
라식,최신 장비 및 기술 도입 여부,후기,6,"강남GS안과, 글로리서울안과"
라식,최신 장비 및 기술 도입 여부,후기,7,
라식,최신 장비 및 기술 도입 여부,후기,8,드림성모안과
라식,최신 장비 및 기술 도입 여부,후기,9,
라식,최신 장비 및 기술 도입 여부,후기,10,"아이리움안과, BGN밝은눈안과"
라식,최신 장비 및 기술 도입 여부,전문가,1,"아이리움안과, 이안과, 강남성모안과, 센트럴안과"
라식,최신 장비 및 기술 도입 여부,전문가,2,
라식,최신 장비 및 기술 도입 여부,전문가,3,"아이리움안과, 서울밝은눈안과, 강남성모안과, 누네안과병원"
라식,최신 장비 및 기술 도입 여부,전문가,4,"BGN밝은눈안과, 압구정안과, 아이리움안과, 온누리스마일안과"
라식,최신 장비 및 기술 도입 여부,전문가,5,"BGN밝은눈안과, 아이리움안과, 드림성모안과, 센트럴안과"
라식,최신 장비 및 기술 도입 여부,전문가,6,"차움안과, 드림성모안과, 압구정안과"
라식,최신 장비 및 기술 도입 여부,전문가,7,
라식,최신 장비 및 기술 도입 여부,전문가,8,"온누리스마일안과, 센트럴안과, 아이리움안과"
라식,최신 장비 및 기술 도입 여부,전문가,9,아이리움안과
라식,최신 장비 및 기술 도입 여부,전문가,10,"아이리움안과, 차움안과, 강남밝은세상안과"
라섹,친절하고 상세한 상담,추천,1,"BGN밝은눈안과, 서울밝은눈안과, 압구정안과, 글로리서울안과"
라섹,친절하고 상세한 상담,추천,2,"강남GS안과, BGN밝은눈안과, 글로리서울안과"
라섹,친절하고 상세한 상담,추천,3,"강남GS안과, 차움안과, 누네안과병원, 강남밝은세상안과"
라섹,친절하고 상세한 상담,추천,4,"BGN밝은눈안과, 누네안과병원"
라섹,친절하고 상세한 상담,추천,5,"센트럴안과, 아이리움안과, 강남성모안과, 드림성모안과"
라섹,친절하고 상세한 상담,추천,6,"글로리서울안과, 압구정안과, 서울밝은눈안과"
라섹,친절하고 상세한 상담,추천,7,"루시아안과, 센트럴안과, BGN밝은눈안과, 강남성모안과, 아이리움안과"
라섹,친절하고 상세한 상담,추천,8,"아이리움안과, 드림성모안과, 강남성모안과, BGN밝은눈안과, 누네안과병원"
라섹,친절하고 상세한 상담,추천,9,"BGN밝은눈안과, 루시아안과, 아이리움안과"
라섹,친절하고 상세한 상담,추천,10,"압구정안과, BGN밝은눈안과, 누네안과병원, 강남GS안과"
라섹,친절하고 상세한 상담,비교,1,"센트럴안과, 강남GS안과"
라섹,친절하고 상세한 상담,비교,2,"이안과, 강남GS안과, 서울밝은눈안과, BGN밝은눈안과"
라섹,친절하고 상세한 상담,비교,3,
라섹,친절하고 상세한 상담,비교,4,"온누리스마일안과, 누네안과병원"
라섹,친절하고 상세한 상담,비교,5,"서울밝은눈안과, 루시아안과, 드림성모안과, 센트럴안과"
라섹,친절하고 상세한 상담,비교,6,
라섹,친절하고 상세한 상담,비교,7,"BGN밝은눈안과, 강남밝은세상안과, 압구정안과, 센트럴안과"
라섹,친절하고 상세한 상담,비교,8,"BGN밝은눈안과, 아이리움안과, 강남GS안과, 강남성모안과"
라섹,친절하고 상세한 상담,비교,9,"차움안과, BGN밝은눈안과, 글로리서울안과"
라섹,친절하고 상세한 상담,비교,10,"BGN밝은눈안과, 아이리움안과, 강남밝은세상안과, 강남GS안과"
라섹,친절하고 상세한 상담,후기,1,"BGN밝은눈안과, 센트럴안과, 강남GS안과"
라섹,친절하고 상세한 상담,후기,2,
라섹,친절하고 상세한 상담,후기,3,
라섹,친절하고 상세한 상담,후기,4,압구정안과
라섹,친절하고 상세한 상담,후기,5,
라섹,친절하고 상세한 상담,후기,6,"센트럴안과, 압구정안과, 글로리서울안과"
라섹,친절하고 상세한 상담,후기,7,"글로리서울안과, 아이리움안과"
라섹,친절하고 상세한 상담,후기,8,
라섹,친절하고 상세한 상담,후기,9,"BGN밝은눈안과, 차움안과, 이안과"
라섹,친절하고 상세한 상담,후기,10,누네안과병원
라섹,친절하고 상세한 상담,전문가,1,"아이리움안과, 강남성모안과"
라섹,친절하고 상세한 상담,전문가,2,"강남GS안과, 서울밝은눈안과, 아이리움안과"
라섹,친절하고 상세한 상담,전문가,3,강남GS안과
라섹,친절하고 상세한 상담,전문가,4,"강남밝은세상안과, 온누리스마일안과"
라섹,친절하고 상세한 상담,전문가,5,
라섹,친절하고 상세한 상담,전문가,6,
라섹,친절하고 상세한 상담,전문가,7,
라섹,친절하고 상세한 상담,전문가,8,
라섹,친절하고 상세한 상담,전문가,9,루시아안과
라섹,친절하고 상세한 상담,전문가,10,
라섹,체계적인 사후 관리 프로그램,추천,1,"드림성모안과, 아이리움안과, BGN밝은눈안과"
라섹,체계적인 사후 관리 프로그램,추천,2,
라섹,체계적인 사후 관리 프로그램,추천,3,"온누리스마일안과, 아이리움안과, 강남밝은세상안과, 이안과, 서울밝은눈안과"
라섹,체계적인 사후 관리 프로그램,추천,4,
라섹,체계적인 사후 관리 프로그램,추천,5,"BGN밝은눈안과, 아이리움안과, 강남GS안과, 서울밝은눈안과, 센트럴안과"
라섹,체계적인 사후 관리 프로그램,추천,6,"루시아안과, 서울밝은눈안과, BGN밝은눈안과, 아이리움안과, 강남GS안과"
라섹,체계적인 사후 관리 프로그램,추천,7,"강남GS안과, 압구정안과, 글로리서울안과, BGN밝은눈안과, 아이리움안과"
라섹,체계적인 사후 관리 프로그램,추천,8,"BGN밝은눈안과, 글로리서울안과, 드림성모안과, 강남GS안과"
라섹,체계적인 사후 관리 프로그램,추천,9,"강남GS안과, 온누리스마일안과, 강남밝은세상안과"
라섹,체계적인 사후 관리 프로그램,추천,10,"BGN밝은눈안과, 루시아안과, 글로리서울안과, 아이리움안과, 강남밝은세상안과"
라섹,체계적인 사후 관리 프로그램,비교,1,"아이리움안과, 서울밝은눈안과, BGN밝은눈안과"
라섹,체계적인 사후 관리 프로그램,비교,2,
라섹,체계적인 사후 관리 프로그램,비교,3,"BGN밝은눈안과, 글로리서울안과, 차움안과"
라섹,체계적인 사후 관리 프로그램,비교,4,
라섹,체계적인 사후 관리 프로그램,비교,5,"BGN밝은눈안과, 글로리서울안과, 드림성모안과, 이안과"
라섹,체계적인 사후 관리 프로그램,비교,6,"글로리서울안과, 강남성모안과, 누네안과병원"
라섹,체계적인 사후 관리 프로그램,비교,7,"BGN밝은눈안과, 드림성모안과"
라섹,체계적인 사후 관리 프로그램,비교,8,"센트럴안과, 강남GS안과, 강남밝은세상안과"
라섹,체계적인 사후 관리 프로그램,비교,9,"압구정안과, 루시아안과, 글로리서울안과, 아이리움안과"
라섹,체계적인 사후 관리 프로그램,비교,10,"강남GS안과, 강남밝은세상안과"
라섹,체계적인 사후 관리 프로그램,후기,1,아이리움안과
라섹,체계적인 사후 관리 프로그램,후기,2,"글로리서울안과, 강남GS안과, 이안과"
라섹,체계적인 사후 관리 프로그램,후기,3,
라섹,체계적인 사후 관리 프로그램,후기,4,"아이리움안과, 압구정안과"
라섹,체계적인 사후 관리 프로그램,후기,5,
라섹,체계적인 사후 관리 프로그램,후기,6,"차움안과, 아이리움안과, 강남성모안과"
라섹,체계적인 사후 관리 프로그램,후기,7,
라섹,체계적인 사후 관리 프로그램,후기,8,글로리서울안과
라섹,체계적인 사후 관리 프로그램,후기,9,
라섹,체계적인 사후 관리 프로그램,후기,10,"강남밝은세상안과, 아이리움안과, 압구정안과"
라섹,체계적인 사후 관리 프로그램,전문가,1,
라섹,체계적인 사후 관리 프로그램,전문가,2,"압구정안과, BGN밝은눈안과, 드림성모안과, 글로리서울안과"
라섹,체계적인 사후 관리 프로그램,전문가,3,
라섹,체계적인 사후 관리 프로그램,전문가,4,온누리스마일안과
라섹,체계적인 사후 관리 프로그램,전문가,5,
라섹,체계적인 사후 관리 프로그램,전문가,6,
라섹,체계적인 사후 관리 프로그램,전문가,7,"아이리움안과, BGN밝은눈안과, 센트럴안과"
라섹,체계적인 사후 관리 프로그램,전문가,8,"이안과, 서울밝은눈안과, 아이리움안과"
라섹,체계적인 사후 관리 프로그램,전문가,9,"온누리스마일안과, 차움안과, 아이리움안과"
라섹,체계적인 사후 관리 프로그램,전문가,10,"글로리서울안과, 아이리움안과, 누네안과병원"
라섹,수술/시술 안전성,추천,1,"아이리움안과, BGN밝은눈안과, 강남밝은세상안과"
라섹,수술/시술 안전성,추천,2,"강남GS안과, BGN밝은눈안과, 아이리움안과, 압구정안과, 이안과"
라섹,수술/시술 안전성,추천,3,
라섹,수술/시술 안전성,추천,4,"BGN밝은눈안과, 누네안과병원, 차움안과, 강남GS안과"
라섹,수술/시술 안전성,추천,5,"강남GS안과, 드림성모안과, 압구정안과"
라섹,수술/시술 안전성,추천,6,
라섹,수술/시술 안전성,추천,7,"아이리움안과, BGN밝은눈안과, 온누리스마일안과, 강남성모안과, 강남GS안과"
라섹,수술/시술 안전성,추천,8,
라섹,수술/시술 안전성,추천,9,
라섹,수술/시술 안전성,추천,10,"아이리움안과, BGN밝은눈안과"
라섹,수술/시술 안전성,비교,1,"누네안과병원, 차움안과, 센트럴안과, 온누리스마일안과"
라섹,수술/시술 안전성,비교,2,
라섹,수술/시술 안전성,비교,3,"아이리움안과, 센트럴안과, 강남밝은세상안과, BGN밝은눈안과"
라섹,수술/시술 안전성,비교,4,"온누리스마일안과, 서울밝은눈안과"
라섹,수술/시술 안전성,비교,5,
라섹,수술/시술 안전성,비교,6,"이안과, 압구정안과, 차움안과, 루시아안과"
라섹,수술/시술 안전성,비교,7,"강남GS안과, BGN밝은눈안과, 누네안과병원, 서울밝은눈안과"
라섹,수술/시술 안전성,비교,8,"아이리움안과, 강남GS안과, 강남밝은세상안과"
라섹,수술/시술 안전성,비교,9,"글로리서울안과, 서울밝은눈안과"
라섹,수술/시술 안전성,비교,10,"아이리움안과, 강남성모안과, 누네안과병원"
라섹,수술/시술 안전성,후기,1,
라섹,수술/시술 안전성,후기,2,
라섹,수술/시술 안전성,후기,3,강남밝은세상안과
라섹,수술/시술 안전성,후기,4,글로리서울안과
라섹,수술/시술 안전성,후기,5,"센트럴안과, 루시아안과"
라섹,수술/시술 안전성,후기,6,드림성모안과
라섹,수술/시술 안전성,후기,7,루시아안과
라섹,수술/시술 안전성,후기,8,
라섹,수술/시술 안전성,후기,9,
라섹,수술/시술 안전성,후기,10,드림성모안과
라섹,수술/시술 안전성,전문가,1,
라섹,수술/시술 안전성,전문가,2,차움안과
라섹,수술/시술 안전성,전문가,3,"BGN밝은눈안과, 센트럴안과"
라섹,수술/시술 안전성,전문가,4,
라섹,수술/시술 안전성,전문가,5,
라섹,수술/시술 안전성,전문가,6,"글로리서울안과, 강남GS안과, 온누리스마일안과"
라섹,수술/시술 안전성,전문가,7,"BGN밝은눈안과, 서울밝은눈안과"
라섹,수술/시술 안전성,전문가,8,아이리움안과
라섹,수술/시술 안전성,전문가,9,"글로리서울안과, 아이리움안과, BGN밝은눈안과"
라섹,수술/시술 안전성,전문가,10,"강남GS안과, 강남성모안과, 아이리움안과"
라섹,의료진의 전문성 및 경험,추천,1,"BGN밝은눈안과, 아이리움안과, 이안과, 차움안과, 온누리스마일안과"
라섹,의료진의 전문성 및 경험,추천,2,"드림성모안과, 강남밝은세상안과, BGN밝은눈안과"
라섹,의료진의 전문성 및 경험,추천,3,
라섹,의료진의 전문성 및 경험,추천,4,"센트럴안과, 온누리스마일안과"
라섹,의료진의 전문성 및 경험,추천,5,
라섹,의료진의 전문성 및 경험,추천,6,
라섹,의료진의 전문성 및 경험,추천,7,"BGN밝은눈안과, 강남성모안과, 글로리서울안과, 누네안과병원"
라섹,의료진의 전문성 및 경험,추천,8,"루시아안과, 온누리스마일안과, 아이리움안과"
라섹,의료진의 전문성 및 경험,추천,9,"아이리움안과, 강남성모안과"
라섹,의료진의 전문성 및 경험,추천,10,"아이리움안과, 드림성모안과, 강남GS안과"
라섹,의료진의 전문성 및 경험,비교,1,"아이리움안과, 차움안과"
라섹,의료진의 전문성 및 경험,비교,2,"BGN밝은눈안과, 강남GS안과"
라섹,의료진의 전문성 및 경험,비교,3,
라섹,의료진의 전문성 및 경험,비교,4,"글로리서울안과, BGN밝은눈안과, 강남GS안과, 누네안과병원"
라섹,의료진의 전문성 및 경험,비교,5,"센트럴안과, 압구정안과"
라섹,의료진의 전문성 및 경험,비교,6,"압구정안과, 이안과, 아이리움안과"
라섹,의료진의 전문성 및 경험,비교,7,"차움안과, 온누리스마일안과, 누네안과병원, 강남GS안과"
라섹,의료진의 전문성 및 경험,비교,8,"강남GS안과, 아이리움안과, 서울밝은눈안과, 글로리서울안과"
라섹,의료진의 전문성 및 경험,비교,9,
라섹,의료진의 전문성 및 경험,비교,10,"아이리움안과, 강남밝은세상안과, 강남성모안과, 루시아안과"
라섹,의료진의 전문성 및 경험,후기,1,
라섹,의료진의 전문성 및 경험,후기,2,"BGN밝은눈안과, 아이리움안과"
라섹,의료진의 전문성 및 경험,후기,3,"글로리서울안과, BGN밝은눈안과"
라섹,의료진의 전문성 및 경험,후기,4,"루시아안과, 아이리움안과, 글로리서울안과"
라섹,의료진의 전문성 및 경험,후기,5,"차움안과, 누네안과병원, BGN밝은눈안과"
라섹,의료진의 전문성 및 경험,후기,6,
라섹,의료진의 전문성 및 경험,후기,7,"센트럴안과, 압구정안과, 아이리움안과"
라섹,의료진의 전문성 및 경험,후기,8,"이안과, 차움안과, BGN밝은눈안과"
라섹,의료진의 전문성 및 경험,후기,9,
라섹,의료진의 전문성 및 경험,후기,10,"아이리움안과, 드림성모안과"
라섹,의료진의 전문성 및 경험,전문가,1,
라섹,의료진의 전문성 및 경험,전문가,2,"아이리움안과, 루시아안과, BGN밝은눈안과"
라섹,의료진의 전문성 및 경험,전문가,3,
라섹,의료진의 전문성 및 경험,전문가,4,"온누리스마일안과, 차움안과, 강남GS안과"
라섹,의료진의 전문성 및 경험,전문가,5,"BGN밝은눈안과, 이안과, 서울밝은눈안과"
라섹,의료진의 전문성 및 경험,전문가,6,
라섹,의료진의 전문성 및 경험,전문가,7,"아이리움안과, 온누리스마일안과"
라섹,의료진의 전문성 및 경험,전문가,8,"BGN밝은눈안과, 아이리움안과, 강남GS안과, 글로리서울안과"
라섹,의료진의 전문성 및 경험,전문가,9,"BGN밝은눈안과, 센트럴안과, 아이리움안과"
라섹,의료진의 전문성 및 경험,전문가,10,아이리움안과
라섹,최신 장비 및 기술 도입 여부,추천,1,"강남성모안과, 강남GS안과, BGN밝은눈안과, 글로리서울안과, 아이리움안과"
라섹,최신 장비 및 기술 도입 여부,추천,2,"압구정안과, 온누리스마일안과, 서울밝은눈안과"
라섹,최신 장비 및 기술 도입 여부,추천,3,"아이리움안과, 강남GS안과, BGN밝은눈안과"
라섹,최신 장비 및 기술 도입 여부,추천,4,"강남GS안과, 이안과, 센트럴안과"
라섹,최신 장비 및 기술 도입 여부,추천,5,"BGN밝은눈안과, 아이리움안과, 강남GS안과, 글로리서울안과, 강남밝은세상안과"
라섹,최신 장비 및 기술 도입 여부,추천,6,
라섹,최신 장비 및 기술 도입 여부,추천,7,
라섹,최신 장비 및 기술 도입 여부,추천,8,
라섹,최신 장비 및 기술 도입 여부,추천,9,
라섹,최신 장비 및 기술 도입 여부,추천,10,"강남성모안과, 글로리서울안과, BGN밝은눈안과, 강남GS안과, 이안과"
라섹,최신 장비 및 기술 도입 여부,비교,1,
라섹,최신 장비 및 기술 도입 여부,비교,2,"BGN밝은눈안과, 아이리움안과, 강남GS안과"
라섹,최신 장비 및 기술 도입 여부,비교,3,"글로리서울안과, BGN밝은눈안과"
라섹,최신 장비 및 기술 도입 여부,비교,4,
라섹,최신 장비 및 기술 도입 여부,비교,5,
라섹,최신 장비 및 기술 도입 여부,비교,6,
라섹,최신 장비 및 기술 도입 여부,비교,7,
라섹,최신 장비 및 기술 도입 여부,비교,8,"누네안과병원, 아이리움안과, BGN밝은눈안과, 압구정안과"
라섹,최신 장비 및 기술 도입 여부,비교,9,
라섹,최신 장비 및 기술 도입 여부,비교,10,
라섹,최신 장비 및 기술 도입 여부,후기,1,"글로리서울안과, 강남성모안과, 차움안과"
라섹,최신 장비 및 기술 도입 여부,후기,2,
라섹,최신 장비 및 기술 도입 여부,후기,3,강남GS안과
라섹,최신 장비 및 기술 도입 여부,후기,4,"아이리움안과, 강남밝은세상안과, BGN밝은눈안과"
라섹,최신 장비 및 기술 도입 여부,후기,5,"글로리서울안과, 온누리스마일안과, BGN밝은눈안과"
라섹,최신 장비 및 기술 도입 여부,후기,6,
라섹,최신 장비 및 기술 도입 여부,후기,7,
라섹,최신 장비 및 기술 도입 여부,후기,8,
라섹,최신 장비 및 기술 도입 여부,후기,9,"강남성모안과, 글로리서울안과"
라섹,최신 장비 및 기술 도입 여부,후기,10,"아이리움안과, 글로리서울안과"
라섹,최신 장비 및 기술 도입 여부,전문가,1,"BGN밝은눈안과, 아이리움안과, 압구정안과, 센트럴안과"
라섹,최신 장비 및 기술 도입 여부,전문가,2,"BGN밝은눈안과, 서울밝은눈안과, 아이리움안과"
라섹,최신 장비 및 기술 도입 여부,전문가,3,"아이리움안과, 강남성모안과, 온누리스마일안과, BGN밝은눈안과"
라섹,최신 장비 및 기술 도입 여부,전문가,4,"강남밝은세상안과, 글로리서울안과, BGN밝은눈안과, 강남GS안과"
라섹,최신 장비 및 기술 도입 여부,전문가,5,"차움안과, 강남GS안과"
라섹,최신 장비 및 기술 도입 여부,전문가,6,글로리서울안과
라섹,최신 장비 및 기술 도입 여부,전문가,7,"드림성모안과, BGN밝은눈안과, 누네안과병원, 글로리서울안과"
라섹,최신 장비 및 기술 도입 여부,전문가,8,"센트럴안과, 글로리서울안과"
라섹,최신 장비 및 기술 도입 여부,전문가,9,
라섹,최신 장비 및 기술 도입 여부,전문가,10,"BGN밝은눈안과, 서울밝은눈안과, 이안과"
스마일라식,친절하고 상세한 상담,추천,1,"아이리움안과, 강남밝은세상안과, 루시아안과, 센트럴안과, 이안과"
스마일라식,친절하고 상세한 상담,추천,2,"강남성모안과, 아이리움안과, 루시아안과"
스마일라식,친절하고 상세한 상담,추천,3,
스마일라식,친절하고 상세한 상담,추천,4,
스마일라식,친절하고 상세한 상담,추천,5,"누네안과병원, 이안과, 강남GS안과, 센트럴안과"
스마일라식,친절하고 상세한 상담,추천,6,"BGN밝은눈안과, 이안과, 차움안과, 온누리스마일안과, 누네안과병원"
스마일라식,친절하고 상세한 상담,추천,7,
스마일라식,친절하고 상세한 상담,추천,8,
스마일라식,친절하고 상세한 상담,추천,9,"아이리움안과, 온누리스마일안과, BGN밝은눈안과, 글로리서울안과, 강남GS안과"
스마일라식,친절하고 상세한 상담,추천,10,
스마일라식,친절하고 상세한 상담,비교,1,"아이리움안과, 이안과, BGN밝은눈안과, 드림성모안과"
스마일라식,친절하고 상세한 상담,비교,2,
스마일라식,친절하고 상세한 상담,비교,3,"글로리서울안과, 드림성모안과, 루시아안과"
스마일라식,친절하고 상세한 상담,비교,4,"이안과, 온누리스마일안과, BGN밝은눈안과"
스마일라식,친절하고 상세한 상담,비교,5,
스마일라식,친절하고 상세한 상담,비교,6,
스마일라식,친절하고 상세한 상담,비교,7,"루시아안과, 강남성모안과, 아이리움안과, 센트럴안과"
스마일라식,친절하고 상세한 상담,비교,8,
스마일라식,친절하고 상세한 상담,비교,9,
스마일라식,친절하고 상세한 상담,비교,10,
스마일라식,친절하고 상세한 상담,후기,1,
스마일라식,친절하고 상세한 상담,후기,2,"누네안과병원, 아이리움안과, 온누리스마일안과"
스마일라식,친절하고 상세한 상담,후기,3,
스마일라식,친절하고 상세한 상담,후기,4,
스마일라식,친절하고 상세한 상담,후기,5,"BGN밝은눈안과, 온누리스마일안과, 이안과"
스마일라식,친절하고 상세한 상담,후기,6,온누리스마일안과
스마일라식,친절하고 상세한 상담,후기,7,압구정안과
스마일라식,친절하고 상세한 상담,후기,8,차움안과
스마일라식,친절하고 상세한 상담,후기,9,"루시아안과, 온누리스마일안과"
스마일라식,친절하고 상세한 상담,후기,10,"글로리서울안과, 온누리스마일안과"
스마일라식,친절하고 상세한 상담,전문가,1,
스마일라식,친절하고 상세한 상담,전문가,2,"누네안과병원, 센트럴안과"
스마일라식,친절하고 상세한 상담,전문가,3,온누리스마일안과
스마일라식,친절하고 상세한 상담,전문가,4,온누리스마일안과
스마일라식,친절하고 상세한 상담,전문가,5,"온누리스마일안과, 차움안과"
스마일라식,친절하고 상세한 상담,전문가,6,
스마일라식,친절하고 상세한 상담,전문가,7,온누리스마일안과
스마일라식,친절하고 상세한 상담,전문가,8,
스마일라식,친절하고 상세한 상담,전문가,9,
스마일라식,친절하고 상세한 상담,전문가,10,강남GS안과
스마일라식,체계적인 사후 관리 프로그램,추천,1,"누네안과병원, 아이리움안과, 온누리스마일안과, 강남성모안과"
스마일라식,체계적인 사후 관리 프로그램,추천,2,"온누리스마일안과, BGN밝은눈안과, 압구정안과, 글로리서울안과, 서울밝은눈안과"
스마일라식,체계적인 사후 관리 프로그램,추천,3,"루시아안과, 아이리움안과"
스마일라식,체계적인 사후 관리 프로그램,추천,4,"강남밝은세상안과, 온누리스마일안과"
스마일라식,체계적인 사후 관리 프로그램,추천,5,"드림성모안과, 서울밝은눈안과, 온누리스마일안과, 글로리서울안과"
스마일라식,체계적인 사후 관리 프로그램,추천,6,
스마일라식,체계적인 사후 관리 프로그램,추천,7,"강남성모안과, 아이리움안과, 온누리스마일안과, BGN밝은눈안과, 압구정안과"
스마일라식,체계적인 사후 관리 프로그램,추천,8,"드림성모안과, 온누리스마일안과, 센트럴안과, BGN밝은눈안과"
스마일라식,체계적인 사후 관리 프로그램,추천,9,
스마일라식,체계적인 사후 관리 프로그램,추천,10,
스마일라식,체계적인 사후 관리 프로그램,비교,1,"강남GS안과, BGN밝은눈안과"
스마일라식,체계적인 사후 관리 프로그램,비교,2,"BGN밝은눈안과, 온누리스마일안과, 센트럴안과"
스마일라식,체계적인 사후 관리 프로그램,비교,3,"서울밝은눈안과, 센트럴안과, 이안과, 아이리움안과"
스마일라식,체계적인 사후 관리 프로그램,비교,4,
스마일라식,체계적인 사후 관리 프로그램,비교,5,
스마일라식,체계적인 사후 관리 프로그램,비교,6,
스마일라식,체계적인 사후 관리 프로그램,비교,7,"아이리움안과, 온누리스마일안과, BGN밝은눈안과"
스마일라식,체계적인 사후 관리 프로그램,비교,8,"이안과, 온누리스마일안과, 강남GS안과, 드림성모안과"
스마일라식,체계적인 사후 관리 프로그램,비교,9,"드림성모안과, BGN밝은눈안과"
스마일라식,체계적인 사후 관리 프로그램,비교,10,"누네안과병원, 강남성모안과"
스마일라식,체계적인 사후 관리 프로그램,후기,1,"이안과, 온누리스마일안과"
스마일라식,체계적인 사후 관리 프로그램,후기,2,온누리스마일안과
스마일라식,체계적인 사후 관리 프로그램,후기,3,
스마일라식,체계적인 사후 관리 프로그램,후기,4,
스마일라식,체계적인 사후 관리 프로그램,후기,5,
스마일라식,체계적인 사후 관리 프로그램,후기,6,"강남밝은세상안과, 강남GS안과, 온누리스마일안과"
스마일라식,체계적인 사후 관리 프로그램,후기,7,"강남GS안과, 서울밝은눈안과, 아이리움안과"
스마일라식,체계적인 사후 관리 프로그램,후기,8,"아이리움안과, 글로리서울안과, 온누리스마일안과"
스마일라식,체계적인 사후 관리 프로그램,후기,9,
스마일라식,체계적인 사후 관리 프로그램,후기,10,서울밝은눈안과
스마일라식,체계적인 사후 관리 프로그램,전문가,1,
스마일라식,체계적인 사후 관리 프로그램,전문가,2,
스마일라식,체계적인 사후 관리 프로그램,전문가,3,"온누리스마일안과, 루시아안과, 센트럴안과, 아이리움안과"
스마일라식,체계적인 사후 관리 프로그램,전문가,4,"서울밝은눈안과, 아이리움안과"
스마일라식,체계적인 사후 관리 프로그램,전문가,5,"강남성모안과, 센트럴안과"
스마일라식,체계적인 사후 관리 프로그램,전문가,6,
스마일라식,체계적인 사후 관리 프로그램,전문가,7,
스마일라식,체계적인 사후 관리 프로그램,전문가,8,"서울밝은눈안과, 압구정안과, 드림성모안과"
스마일라식,체계적인 사후 관리 프로그램,전문가,9,"온누리스마일안과, 서울밝은눈안과"
스마일라식,체계적인 사후 관리 프로그램,전문가,10,"강남GS안과, 글로리서울안과, 온누리스마일안과, 이안과"
스마일라식,수술/시술 안전성,추천,1,
스마일라식,수술/시술 안전성,추천,2,"이안과, 강남GS안과, 강남성모안과"
스마일라식,수술/시술 안전성,추천,3,
스마일라식,수술/시술 안전성,추천,4,
스마일라식,수술/시술 안전성,추천,5,"온누리스마일안과, 이안과, 서울밝은눈안과"
스마일라식,수술/시술 안전성,추천,6,
스마일라식,수술/시술 안전성,추천,7,"BGN밝은눈안과, 이안과, 온누리스마일안과, 드림성모안과"
스마일라식,수술/시술 안전성,추천,8,"BGN밝은눈안과, 강남GS안과, 온누리스마일안과, 강남밝은세상안과, 아이리움안과"
스마일라식,수술/시술 안전성,추천,9,"이안과, 드림성모안과"
스마일라식,수술/시술 안전성,추천,10,"온누리스마일안과, 압구정안과, 이안과, BGN밝은눈안과"
스마일라식,수술/시술 안전성,비교,1,
스마일라식,수술/시술 안전성,비교,2,"센트럴안과, 이안과, 아이리움안과"
스마일라식,수술/시술 안전성,비교,3,
스마일라식,수술/시술 안전성,비교,4,"온누리스마일안과, 이안과, 아이리움안과"
스마일라식,수술/시술 안전성,비교,5,"아이리움안과, 글로리서울안과, BGN밝은눈안과"
스마일라식,수술/시술 안전성,비교,6,"드림성모안과, BGN밝은눈안과, 강남GS안과, 이안과"
스마일라식,수술/시술 안전성,비교,7,"누네안과병원, 아이리움안과, 이안과, 강남밝은세상안과"
스마일라식,수술/시술 안전성,비교,8,"아이리움안과, 서울밝은눈안과, 차움안과, 이안과"
스마일라식,수술/시술 안전성,비교,9,
스마일라식,수술/시술 안전성,비교,10,"아이리움안과, BGN밝은눈안과, 차움안과, 이안과"
스마일라식,수술/시술 안전성,후기,1,강남밝은세상안과
스마일라식,수술/시술 안전성,후기,2,"온누리스마일안과, 강남밝은세상안과, 아이리움안과"
스마일라식,수술/시술 안전성,후기,3,BGN밝은눈안과
스마일라식,수술/시술 안전성,후기,4,"이안과, 압구정안과, 센트럴안과"
스마일라식,수술/시술 안전성,후기,5,
스마일라식,수술/시술 안전성,후기,6,"온누리스마일안과, 강남GS안과"
스마일라식,수술/시술 안전성,후기,7,"드림성모안과, 강남성모안과"
스마일라식,수술/시술 안전성,후기,8,누네안과병원
스마일라식,수술/시술 안전성,후기,9,"이안과, 아이리움안과"
스마일라식,수술/시술 안전성,후기,10,"아이리움안과, 드림성모안과, 강남성모안과"
스마일라식,수술/시술 안전성,전문가,1,
스마일라식,수술/시술 안전성,전문가,2,
스마일라식,수술/시술 안전성,전문가,3,
스마일라식,수술/시술 안전성,전문가,4,"차움안과, BGN밝은눈안과, 아이리움안과, 글로리서울안과"
스마일라식,수술/시술 안전성,전문가,5,온누리스마일안과
스마일라식,수술/시술 안전성,전문가,6,
스마일라식,수술/시술 안전성,전문가,7,
스마일라식,수술/시술 안전성,전문가,8,"차움안과, 아이리움안과"
스마일라식,수술/시술 안전성,전문가,9,"압구정안과, 아이리움안과, 차움안과, BGN밝은눈안과"
스마일라식,수술/시술 안전성,전문가,10,"아이리움안과, 센트럴안과, 드림성모안과"
스마일라식,의료진의 전문성 및 경험,추천,1,"온누리스마일안과, 글로리서울안과"
스마일라식,의료진의 전문성 및 경험,추천,2,"글로리서울안과, 아이리움안과, 이안과, 온누리스마일안과, BGN밝은눈안과"
스마일라식,의료진의 전문성 및 경험,추천,3,"BGN밝은눈안과, 이안과, 아이리움안과, 강남밝은세상안과, 드림성모안과"
스마일라식,의료진의 전문성 및 경험,추천,4,"이안과, 서울밝은눈안과"
스마일라식,의료진의 전문성 및 경험,추천,5,"BGN밝은눈안과, 이안과, 루시아안과, 강남GS안과, 서울밝은눈안과"
스마일라식,의료진의 전문성 및 경험,추천,6,"이안과, 루시아안과, BGN밝은눈안과, 글로리서울안과, 온누리스마일안과"
스마일라식,의료진의 전문성 및 경험,추천,7,"온누리스마일안과, 아이리움안과, BGN밝은눈안과, 이안과, 루시아안과"
스마일라식,의료진의 전문성 및 경험,추천,8,
스마일라식,의료진의 전문성 및 경험,추천,9,"BGN밝은눈안과, 아이리움안과, 차움안과, 온누리스마일안과, 이안과"
스마일라식,의료진의 전문성 및 경험,추천,10,"센트럴안과, 온누리스마일안과, BGN밝은눈안과, 강남밝은세상안과"
스마일라식,의료진의 전문성 및 경험,비교,1,"아이리움안과, BGN밝은눈안과, 이안과, 압구정안과"
스마일라식,의료진의 전문성 및 경험,비교,2,"이안과, 온누리스마일안과"
스마일라식,의료진의 전문성 및 경험,비교,3,"온누리스마일안과, 센트럴안과, 루시아안과, 서울밝은눈안과"
스마일라식,의료진의 전문성 및 경험,비교,4,
스마일라식,의료진의 전문성 및 경험,비교,5,"이안과, 온누리스마일안과"
스마일라식,의료진의 전문성 및 경험,비교,6,"아이리움안과, 강남성모안과"
스마일라식,의료진의 전문성 및 경험,비교,7,"아이리움안과, 강남성모안과, 이안과, 글로리서울안과"
스마일라식,의료진의 전문성 및 경험,비교,8,"온누리스마일안과, 강남밝은세상안과, 누네안과병원"
스마일라식,의료진의 전문성 및 경험,비교,9,"센트럴안과, 강남밝은세상안과, 이안과"
스마일라식,의료진의 전문성 및 경험,비교,10,"온누리스마일안과, 이안과"
스마일라식,의료진의 전문성 및 경험,후기,1,"아이리움안과, 이안과, BGN밝은눈안과"
스마일라식,의료진의 전문성 및 경험,후기,2,"BGN밝은눈안과, 압구정안과, 강남GS안과"
스마일라식,의료진의 전문성 및 경험,후기,3,이안과
스마일라식,의료진의 전문성 및 경험,후기,4,강남GS안과
스마일라식,의료진의 전문성 및 경험,후기,5,
스마일라식,의료진의 전문성 및 경험,후기,6,이안과
스마일라식,의료진의 전문성 및 경험,후기,7,
스마일라식,의료진의 전문성 및 경험,후기,8,
스마일라식,의료진의 전문성 및 경험,후기,9,"온누리스마일안과, 센트럴안과"
스마일라식,의료진의 전문성 및 경험,후기,10,"온누리스마일안과, 강남밝은세상안과"
스마일라식,의료진의 전문성 및 경험,전문가,1,
스마일라식,의료진의 전문성 및 경험,전문가,2,"누네안과병원, 아이리움안과, 강남GS안과, 온누리스마일안과"
스마일라식,의료진의 전문성 및 경험,전문가,3,"BGN밝은눈안과, 서울밝은눈안과, 온누리스마일안과, 이안과"
스마일라식,의료진의 전문성 및 경험,전문가,4,"BGN밝은눈안과, 이안과, 차움안과, 온누리스마일안과"
스마일라식,의료진의 전문성 및 경험,전문가,5,온누리스마일안과
스마일라식,의료진의 전문성 및 경험,전문가,6,
스마일라식,의료진의 전문성 및 경험,전문가,7,온누리스마일안과
스마일라식,의료진의 전문성 및 경험,전문가,8,"누네안과병원, 온누리스마일안과, 강남GS안과"
스마일라식,의료진의 전문성 및 경험,전문가,9,"강남GS안과, 온누리스마일안과, 차움안과"
스마일라식,의료진의 전문성 및 경험,전문가,10,
스마일라식,최신 장비 및 기술 도입 여부,추천,1,"이안과, 아이리움안과, BGN밝은눈안과, 누네안과병원, 강남성모안과"
스마일라식,최신 장비 및 기술 도입 여부,추천,2,"아이리움안과, BGN밝은눈안과"
스마일라식,최신 장비 및 기술 도입 여부,추천,3,"아이리움안과, 이안과"
스마일라식,최신 장비 및 기술 도입 여부,추천,4,"드림성모안과, 아이리움안과, 압구정안과, 온누리스마일안과"
스마일라식,최신 장비 및 기술 도입 여부,추천,5,
스마일라식,최신 장비 및 기술 도입 여부,추천,6,
스마일라식,최신 장비 및 기술 도입 여부,추천,7,"강남밝은세상안과, 아이리움안과, 압구정안과, 루시아안과"
스마일라식,최신 장비 및 기술 도입 여부,추천,8,"이안과, 온누리스마일안과, BGN밝은눈안과"
스마일라식,최신 장비 및 기술 도입 여부,추천,9,"강남GS안과, 온누리스마일안과"
스마일라식,최신 장비 및 기술 도입 여부,추천,10,"강남밝은세상안과, BGN밝은눈안과"
스마일라식,최신 장비 및 기술 도입 여부,비교,1,"BGN밝은눈안과, 아이리움안과, 드림성모안과"
스마일라식,최신 장비 및 기술 도입 여부,비교,2,"온누리스마일안과, 이안과, BGN밝은눈안과"
스마일라식,최신 장비 및 기술 도입 여부,비교,3,"센트럴안과, 아이리움안과"
스마일라식,최신 장비 및 기술 도입 여부,비교,4,"아이리움안과, 온누리스마일안과"
스마일라식,최신 장비 및 기술 도입 여부,비교,5,"누네안과병원, 이안과"
스마일라식,최신 장비 및 기술 도입 여부,비교,6,"글로리서울안과, BGN밝은눈안과"
스마일라식,최신 장비 및 기술 도입 여부,비교,7,"BGN밝은눈안과, 센트럴안과, 차움안과"
스마일라식,최신 장비 및 기술 도입 여부,비교,8,
스마일라식,최신 장비 및 기술 도입 여부,비교,9,"아이리움안과, 압구정안과, 온누리스마일안과, BGN밝은눈안과"
스마일라식,최신 장비 및 기술 도입 여부,비교,10,"루시아안과, 온누리스마일안과, BGN밝은눈안과"
스마일라식,최신 장비 및 기술 도입 여부,후기,1,"아이리움안과, 드림성모안과"
스마일라식,최신 장비 및 기술 도입 여부,후기,2,"온누리스마일안과, 아이리움안과, 누네안과병원"
스마일라식,최신 장비 및 기술 도입 여부,후기,3,"온누리스마일안과, 아이리움안과"
스마일라식,최신 장비 및 기술 도입 여부,후기,4,강남밝은세상안과
스마일라식,최신 장비 및 기술 도입 여부,후기,5,"글로리서울안과, 강남밝은세상안과, 아이리움안과"
스마일라식,최신 장비 및 기술 도입 여부,후기,6,이안과
스마일라식,최신 장비 및 기술 도입 여부,후기,7,"서울밝은눈안과, 강남GS안과"
스마일라식,최신 장비 및 기술 도입 여부,후기,8,"강남성모안과, 온누리스마일안과, 누네안과병원"
스마일라식,최신 장비 및 기술 도입 여부,후기,9,아이리움안과
스마일라식,최신 장비 및 기술 도입 여부,후기,10,"드림성모안과, 루시아안과, 아이리움안과"
스마일라식,최신 장비 및 기술 도입 여부,전문가,1,
스마일라식,최신 장비 및 기술 도입 여부,전문가,2,온누리스마일안과
스마일라식,최신 장비 및 기술 도입 여부,전문가,3,
스마일라식,최신 장비 및 기술 도입 여부,전문가,4,
스마일라식,최신 장비 및 기술 도입 여부,전문가,5,"온누리스마일안과, 차움안과, 이안과"
스마일라식,최신 장비 및 기술 도입 여부,전문가,6,"강남밝은세상안과, 압구정안과"
스마일라식,최신 장비 및 기술 도입 여부,전문가,7,"서울밝은눈안과, 온누리스마일안과, 아이리움안과, 이안과"
스마일라식,최신 장비 및 기술 도입 여부,전문가,8,
스마일라식,최신 장비 및 기술 도입 여부,전문가,9,
스마일라식,최신 장비 및 기술 도입 여부,전문가,10,"이안과, 누네안과병원, BGN밝은눈안과, 강남밝은세상안과"
백내장 수술,친절하고 상세한 상담,추천,1,"루시아안과, 센트럴안과"
백내장 수술,친절하고 상세한 상담,추천,2,"압구정안과, 루시아안과, 드림성모안과, 강남성모안과"
백내장 수술,친절하고 상세한 상담,추천,3,"차움안과, 강남성모안과, 이안과"
백내장 수술,친절하고 상세한 상담,추천,4,"강남성모안과, BGN밝은눈안과, 차움안과, 누네안과병원, 이안과"
백내장 수술,친절하고 상세한 상담,추천,5,"누네안과병원, 서울밝은눈안과, 강남성모안과"
백내장 수술,친절하고 상세한 상담,추천,6,"강남성모안과, 누네안과병원, 강남밝은세상안과, 차움안과, 드림성모안과"
백내장 수술,친절하고 상세한 상담,추천,7,
백내장 수술,친절하고 상세한 상담,추천,8,"BGN밝은눈안과, 차움안과, 누네안과병원"
백내장 수술,친절하고 상세한 상담,추천,9,"차움안과, 강남성모안과"
백내장 수술,친절하고 상세한 상담,추천,10,"강남성모안과, 누네안과병원, 차움안과"
백내장 수술,친절하고 상세한 상담,비교,1,
백내장 수술,친절하고 상세한 상담,비교,2,"차움안과, 누네안과병원, 강남밝은세상안과, 강남성모안과"
백내장 수술,친절하고 상세한 상담,비교,3,"드림성모안과, 강남GS안과, BGN밝은눈안과"
백내장 수술,친절하고 상세한 상담,비교,4,"강남GS안과, 압구정안과, 누네안과병원"
백내장 수술,친절하고 상세한 상담,비교,5,"강남성모안과, 누네안과병원, 글로리서울안과, 드림성모안과"
백내장 수술,친절하고 상세한 상담,비교,6,"아이리움안과, 서울밝은눈안과"
백내장 수술,친절하고 상세한 상담,비교,7,"드림성모안과, 글로리서울안과"
백내장 수술,친절하고 상세한 상담,비교,8,"누네안과병원, 강남성모안과"
백내장 수술,친절하고 상세한 상담,비교,9,
백내장 수술,친절하고 상세한 상담,비교,10,"강남성모안과, 센트럴안과, 압구정안과"
백내장 수술,친절하고 상세한 상담,후기,1,
백내장 수술,친절하고 상세한 상담,후기,2,
백내장 수술,친절하고 상세한 상담,후기,3,"압구정안과, 온누리스마일안과, 차움안과"
백내장 수술,친절하고 상세한 상담,후기,4,"강남성모안과, 누네안과병원, 글로리서울안과"
백내장 수술,친절하고 상세한 상담,후기,5,
백내장 수술,친절하고 상세한 상담,후기,6,
백내장 수술,친절하고 상세한 상담,후기,7,
백내장 수술,친절하고 상세한 상담,후기,8,강남성모안과
백내장 수술,친절하고 상세한 상담,후기,9,"드림성모안과, 강남성모안과"
백내장 수술,친절하고 상세한 상담,후기,10,
백내장 수술,친절하고 상세한 상담,전문가,1,"차움안과, 누네안과병원, 글로리서울안과, 루시아안과"
백내장 수술,친절하고 상세한 상담,전문가,2,
백내장 수술,친절하고 상세한 상담,전문가,3,
백내장 수술,친절하고 상세한 상담,전문가,4,"글로리서울안과, 루시아안과, 누네안과병원, 강남밝은세상안과"
백내장 수술,친절하고 상세한 상담,전문가,5,드림성모안과
백내장 수술,친절하고 상세한 상담,전문가,6,"드림성모안과, 누네안과병원"
백내장 수술,친절하고 상세한 상담,전문가,7,"온누리스마일안과, 글로리서울안과, 차움안과"
백내장 수술,친절하고 상세한 상담,전문가,8,"강남성모안과, 루시아안과, 드림성모안과, 압구정안과"
백내장 수술,친절하고 상세한 상담,전문가,9,
백내장 수술,친절하고 상세한 상담,전문가,10,"서울밝은눈안과, 압구정안과, 차움안과"
백내장 수술,체계적인 사후 관리 프로그램,추천,1,"누네안과병원, 차움안과, 압구정안과"
백내장 수술,체계적인 사후 관리 프로그램,추천,2,
백내장 수술,체계적인 사후 관리 프로그램,추천,3,"차움안과, 압구정안과, 누네안과병원, 강남성모안과"
백내장 수술,체계적인 사후 관리 프로그램,추천,4,"강남성모안과, 드림성모안과, 강남밝은세상안과, 온누리스마일안과, 이안과"
백내장 수술,체계적인 사후 관리 프로그램,추천,5,
백내장 수술,체계적인 사후 관리 프로그램,추천,6,"누네안과병원, 강남성모안과, 센트럴안과, 강남GS안과"
백내장 수술,체계적인 사후 관리 프로그램,추천,7,"강남성모안과, 누네안과병원"
백내장 수술,체계적인 사후 관리 프로그램,추천,8,"강남밝은세상안과, 강남성모안과, 글로리서울안과, 누네안과병원"
백내장 수술,체계적인 사후 관리 프로그램,추천,9,
백내장 수술,체계적인 사후 관리 프로그램,추천,10,"온누리스마일안과, 이안과, 누네안과병원, 드림성모안과"
백내장 수술,체계적인 사후 관리 프로그램,비교,1,"센트럴안과, 아이리움안과, 드림성모안과"
백내장 수술,체계적인 사후 관리 프로그램,비교,2,"차움안과, 강남성모안과, 강남GS안과, 서울밝은눈안과"
백내장 수술,체계적인 사후 관리 프로그램,비교,3,"이안과, 강남성모안과"
백내장 수술,체계적인 사후 관리 프로그램,비교,4,"루시아안과, 드림성모안과"
백내장 수술,체계적인 사후 관리 프로그램,비교,5,"BGN밝은눈안과, 드림성모안과, 서울밝은눈안과, 아이리움안과"
백내장 수술,체계적인 사후 관리 프로그램,비교,6,
백내장 수술,체계적인 사후 관리 프로그램,비교,7,"드림성모안과, 이안과, 누네안과병원"
백내장 수술,체계적인 사후 관리 프로그램,비교,8,"강남성모안과, 글로리서울안과, 누네안과병원"
백내장 수술,체계적인 사후 관리 프로그램,비교,9,"온누리스마일안과, 아이리움안과"
백내장 수술,체계적인 사후 관리 프로그램,비교,10,
백내장 수술,체계적인 사후 관리 프로그램,후기,1,"강남성모안과, 글로리서울안과"
백내장 수술,체계적인 사후 관리 프로그램,후기,2,
백내장 수술,체계적인 사후 관리 프로그램,후기,3,"글로리서울안과, 강남성모안과, 누네안과병원"
백내장 수술,체계적인 사후 관리 프로그램,후기,4,
백내장 수술,체계적인 사후 관리 프로그램,후기,5,
백내장 수술,체계적인 사후 관리 프로그램,후기,6,"강남GS안과, 강남성모안과"
백내장 수술,체계적인 사후 관리 프로그램,후기,7,"강남성모안과, 누네안과병원"
백내장 수술,체계적인 사후 관리 프로그램,후기,8,"누네안과병원, 압구정안과"
백내장 수술,체계적인 사후 관리 프로그램,후기,9,
백내장 수술,체계적인 사후 관리 프로그램,후기,10,강남성모안과
백내장 수술,체계적인 사후 관리 프로그램,전문가,1,강남성모안과
백내장 수술,체계적인 사후 관리 프로그램,전문가,2,
백내장 수술,체계적인 사후 관리 프로그램,전문가,3,"드림성모안과, 누네안과병원, 이안과, 차움안과"
백내장 수술,체계적인 사후 관리 프로그램,전문가,4,"누네안과병원, 강남GS안과, 차움안과, 강남밝은세상안과"
백내장 수술,체계적인 사후 관리 프로그램,전문가,5,
백내장 수술,체계적인 사후 관리 프로그램,전문가,6,"아이리움안과, 강남밝은세상안과, 누네안과병원, 강남성모안과"
백내장 수술,체계적인 사후 관리 프로그램,전문가,7,"드림성모안과, 누네안과병원, 온누리스마일안과"
백내장 수술,체계적인 사후 관리 프로그램,전문가,8,"드림성모안과, 누네안과병원, 서울밝은눈안과, 강남성모안과"
백내장 수술,체계적인 사후 관리 프로그램,전문가,9,"압구정안과, BGN밝은눈안과, 강남성모안과"
백내장 수술,체계적인 사후 관리 프로그램,전문가,10,
백내장 수술,수술/시술 안전성,추천,1,
백내장 수술,수술/시술 안전성,추천,2,
백내장 수술,수술/시술 안전성,추천,3,"차움안과, 강남GS안과"
백내장 수술,수술/시술 안전성,추천,4,"누네안과병원, 차움안과, 서울밝은눈안과, 압구정안과"
백내장 수술,수술/시술 안전성,추천,5,
백내장 수술,수술/시술 안전성,추천,6,"아이리움안과, 드림성모안과"
백내장 수술,수술/시술 안전성,추천,7,"드림성모안과, 차움안과, 누네안과병원, 온누리스마일안과, 강남성모안과"
백내장 수술,수술/시술 안전성,추천,8,"차움안과, 루시아안과, 온누리스마일안과"
백내장 수술,수술/시술 안전성,추천,9,"드림성모안과, 강남밝은세상안과, 온누리스마일안과, 이안과, 누네안과병원"
백내장 수술,수술/시술 안전성,추천,10,"차움안과, 강남성모안과, 루시아안과, 서울밝은눈안과, 센트럴안과"
백내장 수술,수술/시술 안전성,비교,1,
백내장 수술,수술/시술 안전성,비교,2,"드림성모안과, 압구정안과, 아이리움안과, 강남밝은세상안과"
백내장 수술,수술/시술 안전성,비교,3,"아이리움안과, 압구정안과"
백내장 수술,수술/시술 안전성,비교,4,"드림성모안과, 강남GS안과"
백내장 수술,수술/시술 안전성,비교,5,"이안과, 누네안과병원"
백내장 수술,수술/시술 안전성,비교,6,"압구정안과, 차움안과"
백내장 수술,수술/시술 안전성,비교,7,"차움안과, 글로리서울안과"
백내장 수술,수술/시술 안전성,비교,8,"차움안과, 온누리스마일안과, 누네안과병원"
백내장 수술,수술/시술 안전성,비교,9,"BGN밝은눈안과, 강남밝은세상안과"
백내장 수술,수술/시술 안전성,비교,10,"차움안과, 강남밝은세상안과, 강남성모안과, 글로리서울안과"
백내장 수술,수술/시술 안전성,후기,1,"드림성모안과, 강남GS안과"
백내장 수술,수술/시술 안전성,후기,2,"차움안과, 드림성모안과"
백내장 수술,수술/시술 안전성,후기,3,누네안과병원
백내장 수술,수술/시술 안전성,후기,4,"강남성모안과, 강남밝은세상안과"
백내장 수술,수술/시술 안전성,후기,5,BGN밝은눈안과
백내장 수술,수술/시술 안전성,후기,6,"강남GS안과, 차움안과, 강남성모안과"
백내장 수술,수술/시술 안전성,후기,7,
백내장 수술,수술/시술 안전성,후기,8,"누네안과병원, 강남GS안과"
백내장 수술,수술/시술 안전성,후기,9,"차움안과, 누네안과병원, 강남성모안과"
백내장 수술,수술/시술 안전성,후기,10,"BGN밝은눈안과, 센트럴안과"
백내장 수술,수술/시술 안전성,전문가,1,"강남성모안과, 강남GS안과, 압구정안과, 차움안과"
백내장 수술,수술/시술 안전성,전문가,2,
백내장 수술,수술/시술 안전성,전문가,3,"강남성모안과, 누네안과병원, 아이리움안과"
백내장 수술,수술/시술 안전성,전문가,4,
백내장 수술,수술/시술 안전성,전문가,5,"아이리움안과, 압구정안과"
백내장 수술,수술/시술 안전성,전문가,6,"누네안과병원, 강남GS안과, 압구정안과"
백내장 수술,수술/시술 안전성,전문가,7,"드림성모안과, 센트럴안과"
백내장 수술,수술/시술 안전성,전문가,8,"강남성모안과, 강남GS안과, 차움안과, 드림성모안과"
백내장 수술,수술/시술 안전성,전문가,9,
백내장 수술,수술/시술 안전성,전문가,10,BGN밝은눈안과
백내장 수술,의료진의 전문성 및 경험,추천,1,"강남성모안과, 강남GS안과"
백내장 수술,의료진의 전문성 및 경험,추천,2,
백내장 수술,의료진의 전문성 및 경험,추천,3,"아이리움안과, 강남성모안과"
백내장 수술,의료진의 전문성 및 경험,추천,4,
백내장 수술,의료진의 전문성 및 경험,추천,5,"강남GS안과, 압구정안과, 이안과"
백내장 수술,의료진의 전문성 및 경험,추천,6,"BGN밝은눈안과, 강남성모안과, 누네안과병원"
백내장 수술,의료진의 전문성 및 경험,추천,7,"차움안과, 드림성모안과, 누네안과병원"
백내장 수술,의료진의 전문성 및 경험,추천,8,
백내장 수술,의료진의 전문성 및 경험,추천,9,"차움안과, 강남GS안과"
백내장 수술,의료진의 전문성 및 경험,추천,10,"차움안과, 드림성모안과"
백내장 수술,의료진의 전문성 및 경험,비교,1,"강남GS안과, 드림성모안과"
백내장 수술,의료진의 전문성 및 경험,비교,2,"드림성모안과, 강남성모안과, 이안과"
백내장 수술,의료진의 전문성 및 경험,비교,3,"루시아안과, 강남밝은세상안과, 드림성모안과, 강남성모안과"
백내장 수술,의료진의 전문성 및 경험,비교,4,"누네안과병원, 온누리스마일안과, 차움안과"
백내장 수술,의료진의 전문성 및 경험,비교,5,
백내장 수술,의료진의 전문성 및 경험,비교,6,"BGN밝은눈안과, 강남성모안과"
백내장 수술,의료진의 전문성 및 경험,비교,7,
백내장 수술,의료진의 전문성 및 경험,비교,8,"누네안과병원, 강남성모안과"
백내장 수술,의료진의 전문성 및 경험,비교,9,"BGN밝은눈안과, 온누리스마일안과, 강남성모안과"
백내장 수술,의료진의 전문성 및 경험,비교,10,"강남성모안과, 서울밝은눈안과, BGN밝은눈안과"
백내장 수술,의료진의 전문성 및 경험,후기,1,"압구정안과, 드림성모안과, 강남성모안과"
백내장 수술,의료진의 전문성 및 경험,후기,2,"누네안과병원, 차움안과"
백내장 수술,의료진의 전문성 및 경험,후기,3,
백내장 수술,의료진의 전문성 및 경험,후기,4,압구정안과
백내장 수술,의료진의 전문성 및 경험,후기,5,"차움안과, 루시아안과"
백내장 수술,의료진의 전문성 및 경험,후기,6,"강남성모안과, 드림성모안과"
백내장 수술,의료진의 전문성 및 경험,후기,7,"센트럴안과, 아이리움안과, 서울밝은눈안과"
백내장 수술,의료진의 전문성 및 경험,후기,8,"누네안과병원, 차움안과, 강남밝은세상안과"
백내장 수술,의료진의 전문성 및 경험,후기,9,"차움안과, 서울밝은눈안과"
백내장 수술,의료진의 전문성 및 경험,후기,10,"차움안과, BGN밝은눈안과"
백내장 수술,의료진의 전문성 및 경험,전문가,1,누네안과병원
백내장 수술,의료진의 전문성 및 경험,전문가,2,"강남성모안과, 누네안과병원"
백내장 수술,의료진의 전문성 및 경험,전문가,3,
백내장 수술,의료진의 전문성 및 경험,전문가,4,
백내장 수술,의료진의 전문성 및 경험,전문가,5,
백내장 수술,의료진의 전문성 및 경험,전문가,6,
백내장 수술,의료진의 전문성 및 경험,전문가,7,"루시아안과, 온누리스마일안과, BGN밝은눈안과"
백내장 수술,의료진의 전문성 및 경험,전문가,8,
백내장 수술,의료진의 전문성 및 경험,전문가,9,
백내장 수술,의료진의 전문성 및 경험,전문가,10,"차움안과, 압구정안과, BGN밝은눈안과"
백내장 수술,최신 장비 및 기술 도입 여부,추천,1,"강남성모안과, 누네안과병원"
백내장 수술,최신 장비 및 기술 도입 여부,추천,2,"온누리스마일안과, 서울밝은눈안과, 압구정안과, 강남밝은세상안과"
백내장 수술,최신 장비 및 기술 도입 여부,추천,3,"강남GS안과, 차움안과, 루시아안과, 드림성모안과"
백내장 수술,최신 장비 및 기술 도입 여부,추천,4,"차움안과, BGN밝은눈안과, 누네안과병원, 강남밝은세상안과"
백내장 수술,최신 장비 및 기술 도입 여부,추천,5,"강남성모안과, 센트럴안과, 드림성모안과"
백내장 수술,최신 장비 및 기술 도입 여부,추천,6,"드림성모안과, 강남성모안과, 누네안과병원, 압구정안과, 루시아안과"
백내장 수술,최신 장비 및 기술 도입 여부,추천,7,"차움안과, 압구정안과, 누네안과병원"
백내장 수술,최신 장비 및 기술 도입 여부,추천,8,"강남밝은세상안과, 강남성모안과, BGN밝은눈안과"
백내장 수술,최신 장비 및 기술 도입 여부,추천,9,"서울밝은눈안과, 압구정안과, 센트럴안과, 누네안과병원, 루시아안과"
백내장 수술,최신 장비 및 기술 도입 여부,추천,10,"글로리서울안과, 강남성모안과, 차움안과, 온누리스마일안과, 센트럴안과"
백내장 수술,최신 장비 및 기술 도입 여부,비교,1,"센트럴안과, BGN밝은눈안과, 압구정안과, 차움안과"
백내장 수술,최신 장비 및 기술 도입 여부,비교,2,"누네안과병원, 루시아안과, 이안과"
백내장 수술,최신 장비 및 기술 도입 여부,비교,3,"압구정안과, 이안과, 강남밝은세상안과"
백내장 수술,최신 장비 및 기술 도입 여부,비교,4,"루시아안과, 센트럴안과, 드림성모안과"
백내장 수술,최신 장비 및 기술 도입 여부,비교,5,
백내장 수술,최신 장비 및 기술 도입 여부,비교,6,"드림성모안과, 이안과, 강남성모안과, BGN밝은눈안과"
백내장 수술,최신 장비 및 기술 도입 여부,비교,7,"강남GS안과, 강남성모안과, 드림성모안과, 차움안과"
백내장 수술,최신 장비 및 기술 도입 여부,비교,8,"강남성모안과, 드림성모안과, 이안과"
백내장 수술,최신 장비 및 기술 도입 여부,비교,9,"루시아안과, 이안과"
백내장 수술,최신 장비 및 기술 도입 여부,비교,10,
백내장 수술,최신 장비 및 기술 도입 여부,후기,1,
백내장 수술,최신 장비 및 기술 도입 여부,후기,2,
백내장 수술,최신 장비 및 기술 도입 여부,후기,3,
백내장 수술,최신 장비 및 기술 도입 여부,후기,4,강남성모안과
백내장 수술,최신 장비 및 기술 도입 여부,후기,5,"누네안과병원, 이안과, 압구정안과"
백내장 수술,최신 장비 및 기술 도입 여부,후기,6,"강남성모안과, 서울밝은눈안과, 차움안과"
백내장 수술,최신 장비 및 기술 도입 여부,후기,7,
백내장 수술,최신 장비 및 기술 도입 여부,후기,8,아이리움안과
백내장 수술,최신 장비 및 기술 도입 여부,후기,9,"BGN밝은눈안과, 누네안과병원"
백내장 수술,최신 장비 및 기술 도입 여부,후기,10,강남성모안과
백내장 수술,최신 장비 및 기술 도입 여부,전문가,1,
백내장 수술,최신 장비 및 기술 도입 여부,전문가,2,
백내장 수술,최신 장비 및 기술 도입 여부,전문가,3,
백내장 수술,최신 장비 및 기술 도입 여부,전문가,4,"글로리서울안과, 차움안과"
백내장 수술,최신 장비 및 기술 도입 여부,전문가,5,
백내장 수술,최신 장비 및 기술 도입 여부,전문가,6,"센트럴안과, 강남성모안과"
백내장 수술,최신 장비 및 기술 도입 여부,전문가,7,
백내장 수술,최신 장비 및 기술 도입 여부,전문가,8,
백내장 수술,최신 장비 및 기술 도입 여부,전문가,9,"온누리스마일안과, 압구정안과"
백내장 수술,최신 장비 및 기술 도입 여부,전문가,10,차움안과
노안교정술,친절하고 상세한 상담,추천,1,"차움안과, 서울밝은눈안과, 드림성모안과, BGN밝은눈안과, 누네안과병원"
노안교정술,친절하고 상세한 상담,추천,2,"센트럴안과, 누네안과병원, 아이리움안과, 강남GS안과, 루시아안과"
노안교정술,친절하고 상세한 상담,추천,3,"누네안과병원, 드림성모안과, 센트럴안과"
노안교정술,친절하고 상세한 상담,추천,4,"누네안과병원, 강남GS안과, 센트럴안과, 루시아안과, 강남성모안과"
노안교정술,친절하고 상세한 상담,추천,5,"누네안과병원, 강남GS안과, 강남성모안과"
노안교정술,친절하고 상세한 상담,추천,6,"강남밝은세상안과, 누네안과병원, 압구정안과, 드림성모안과, 센트럴안과"
노안교정술,친절하고 상세한 상담,추천,7,
노안교정술,친절하고 상세한 상담,추천,8,"강남밝은세상안과, 강남성모안과, 서울밝은눈안과"
노안교정술,친절하고 상세한 상담,추천,9,"루시아안과, 누네안과병원, 강남밝은세상안과"
노안교정술,친절하고 상세한 상담,추천,10,"누네안과병원, 차움안과, 아이리움안과, 센트럴안과"
노안교정술,친절하고 상세한 상담,비교,1,"BGN밝은눈안과, 누네안과병원, 아이리움안과, 온누리스마일안과"
노안교정술,친절하고 상세한 상담,비교,2,
노안교정술,친절하고 상세한 상담,비교,3,"누네안과병원, 강남성모안과, 강남밝은세상안과"
노안교정술,친절하고 상세한 상담,비교,4,"강남성모안과, 드림성모안과, 센트럴안과"
노안교정술,친절하고 상세한 상담,비교,5,
노안교정술,친절하고 상세한 상담,비교,6,"서울밝은눈안과, 드림성모안과"
노안교정술,친절하고 상세한 상담,비교,7,"이안과, 드림성모안과, 누네안과병원"
노안교정술,친절하고 상세한 상담,비교,8,"강남성모안과, 아이리움안과, 서울밝은눈안과, 압구정안과"
노안교정술,친절하고 상세한 상담,비교,9,
노안교정술,친절하고 상세한 상담,비교,10,"서울밝은눈안과, BGN밝은눈안과, 강남성모안과, 강남밝은세상안과"
노안교정술,친절하고 상세한 상담,후기,1,
노안교정술,친절하고 상세한 상담,후기,2,"드림성모안과, 누네안과병원"
노안교정술,친절하고 상세한 상담,후기,3,"강남밝은세상안과, 드림성모안과"
노안교정술,친절하고 상세한 상담,후기,4,"이안과, 누네안과병원"
노안교정술,친절하고 상세한 상담,후기,5,
노안교정술,친절하고 상세한 상담,후기,6,누네안과병원
노안교정술,친절하고 상세한 상담,후기,7,
노안교정술,친절하고 상세한 상담,후기,8,
노안교정술,친절하고 상세한 상담,후기,9,누네안과병원
노안교정술,친절하고 상세한 상담,후기,10,"차움안과, 센트럴안과, 루시아안과"
노안교정술,친절하고 상세한 상담,전문가,1,"누네안과병원, 드림성모안과, 차움안과"
노안교정술,친절하고 상세한 상담,전문가,2,"압구정안과, BGN밝은눈안과, 루시아안과"
노안교정술,친절하고 상세한 상담,전문가,3,
노안교정술,친절하고 상세한 상담,전문가,4,"서울밝은눈안과, 글로리서울안과, 아이리움안과, 센트럴안과"
노안교정술,친절하고 상세한 상담,전문가,5,"센트럴안과, 강남GS안과, 루시아안과"
노안교정술,친절하고 상세한 상담,전문가,6,"누네안과병원, 압구정안과"
노안교정술,친절하고 상세한 상담,전문가,7,누네안과병원
노안교정술,친절하고 상세한 상담,전문가,8,"센트럴안과, 누네안과병원, 강남성모안과, BGN밝은눈안과"
노안교정술,친절하고 상세한 상담,전문가,9,드림성모안과
노안교정술,친절하고 상세한 상담,전문가,10,누네안과병원
노안교정술,체계적인 사후 관리 프로그램,추천,1,"누네안과병원, 서울밝은눈안과, 차움안과"
노안교정술,체계적인 사후 관리 프로그램,추천,2,
노안교정술,체계적인 사후 관리 프로그램,추천,3,"강남GS안과, 글로리서울안과, 이안과"
노안교정술,체계적인 사후 관리 프로그램,추천,4,"센트럴안과, 드림성모안과"
노안교정술,체계적인 사후 관리 프로그램,추천,5,
노안교정술,체계적인 사후 관리 프로그램,추천,6,"드림성모안과, 강남성모안과, 센트럴안과, 아이리움안과, 루시아안과"
노안교정술,체계적인 사후 관리 프로그램,추천,7,
노안교정술,체계적인 사후 관리 프로그램,추천,8,"누네안과병원, 온누리스마일안과, 강남성모안과, 글로리서울안과, 서울밝은눈안과"
노안교정술,체계적인 사후 관리 프로그램,추천,9,"아이리움안과, 강남성모안과"
노안교정술,체계적인 사후 관리 프로그램,추천,10,
노안교정술,체계적인 사후 관리 프로그램,비교,1,
노안교정술,체계적인 사후 관리 프로그램,비교,2,"드림성모안과, BGN밝은눈안과"
노안교정술,체계적인 사후 관리 프로그램,비교,3,"서울밝은눈안과, 글로리서울안과, 아이리움안과, 루시아안과"
노안교정술,체계적인 사후 관리 프로그램,비교,4,"압구정안과, 강남성모안과, 누네안과병원"
노안교정술,체계적인 사후 관리 프로그램,비교,5,
노안교정술,체계적인 사후 관리 프로그램,비교,6,
노안교정술,체계적인 사후 관리 프로그램,비교,7,
노안교정술,체계적인 사후 관리 프로그램,비교,8,"드림성모안과, 차움안과, 누네안과병원"
노안교정술,체계적인 사후 관리 프로그램,비교,9,
노안교정술,체계적인 사후 관리 프로그램,비교,10,"BGN밝은눈안과, 강남성모안과, 아이리움안과"
노안교정술,체계적인 사후 관리 프로그램,후기,1,"센트럴안과, 드림성모안과"
노안교정술,체계적인 사후 관리 프로그램,후기,2,압구정안과
노안교정술,체계적인 사후 관리 프로그램,후기,3,"드림성모안과, 강남GS안과"
노안교정술,체계적인 사후 관리 프로그램,후기,4,누네안과병원
노안교정술,체계적인 사후 관리 프로그램,후기,5,"강남GS안과, 누네안과병원"
노안교정술,체계적인 사후 관리 프로그램,후기,6,온누리스마일안과
노안교정술,체계적인 사후 관리 프로그램,후기,7,"드림성모안과, 아이리움안과"
노안교정술,체계적인 사후 관리 프로그램,후기,8,
노안교정술,체계적인 사후 관리 프로그램,후기,9,
노안교정술,체계적인 사후 관리 프로그램,후기,10,
노안교정술,체계적인 사후 관리 프로그램,전문가,1,"압구정안과, 이안과"
노안교정술,체계적인 사후 관리 프로그램,전문가,2,누네안과병원
노안교정술,체계적인 사후 관리 프로그램,전문가,3,
노안교정술,체계적인 사후 관리 프로그램,전문가,4,"강남성모안과, 이안과"
노안교정술,체계적인 사후 관리 프로그램,전문가,5,"차움안과, 센트럴안과, 드림성모안과, 누네안과병원"
노안교정술,체계적인 사후 관리 프로그램,전문가,6,"글로리서울안과, 드림성모안과, 온누리스마일안과, BGN밝은눈안과"
노안교정술,체계적인 사후 관리 프로그램,전문가,7,"강남밝은세상안과, 강남성모안과, 이안과"
노안교정술,체계적인 사후 관리 프로그램,전문가,8,센트럴안과
노안교정술,체계적인 사후 관리 프로그램,전문가,9,"강남GS안과, 드림성모안과, 누네안과병원, 강남성모안과"
노안교정술,체계적인 사후 관리 프로그램,전문가,10,
노안교정술,수술/시술 안전성,추천,1,"차움안과, 온누리스마일안과, 글로리서울안과, 누네안과병원, 센트럴안과"
노안교정술,수술/시술 안전성,추천,2,"강남GS안과, 압구정안과, 센트럴안과, 드림성모안과, 강남밝은세상안과"
노안교정술,수술/시술 안전성,추천,3,"압구정안과, 강남성모안과, 드림성모안과"
노안교정술,수술/시술 안전성,추천,4,"누네안과병원, 강남성모안과, 센트럴안과, 차움안과, 온누리스마일안과"
노안교정술,수술/시술 안전성,추천,5,"압구정안과, 차움안과, 드림성모안과, 누네안과병원, 강남밝은세상안과"
노안교정술,수술/시술 안전성,추천,6,"누네안과병원, 드림성모안과"
노안교정술,수술/시술 안전성,추천,7,"아이리움안과, 누네안과병원, 강남성모안과, 센트럴안과, 드림성모안과"
노안교정술,수술/시술 안전성,추천,8,
노안교정술,수술/시술 안전성,추천,9,"이안과, 글로리서울안과, 드림성모안과, 누네안과병원"
노안교정술,수술/시술 안전성,추천,10,
노안교정술,수술/시술 안전성,비교,1,"드림성모안과, 센트럴안과"
노안교정술,수술/시술 안전성,비교,2,
노안교정술,수술/시술 안전성,비교,3,"누네안과병원, 강남성모안과"
노안교정술,수술/시술 안전성,비교,4,
노안교정술,수술/시술 안전성,비교,5,
노안교정술,수술/시술 안전성,비교,6,
노안교정술,수술/시술 안전성,비교,7,"압구정안과, 드림성모안과"
노안교정술,수술/시술 안전성,비교,8,
노안교정술,수술/시술 안전성,비교,9,
노안교정술,수술/시술 안전성,비교,10,
노안교정술,수술/시술 안전성,후기,1,
노안교정술,수술/시술 안전성,후기,2,
노안교정술,수술/시술 안전성,후기,3,글로리서울안과
노안교정술,수술/시술 안전성,후기,4,센트럴안과
노안교정술,수술/시술 안전성,후기,5,"강남밝은세상안과, 압구정안과, 강남성모안과"
노안교정술,수술/시술 안전성,후기,6,"누네안과병원, 루시아안과"
노안교정술,수술/시술 안전성,후기,7,차움안과
노안교정술,수술/시술 안전성,후기,8,"누네안과병원, 온누리스마일안과"
노안교정술,수술/시술 안전성,후기,9,이안과
노안교정술,수술/시술 안전성,후기,10,"누네안과병원, 센트럴안과"
노안교정술,수술/시술 안전성,전문가,1,센트럴안과
노안교정술,수술/시술 안전성,전문가,2,
노안교정술,수술/시술 안전성,전문가,3,
노안교정술,수술/시술 안전성,전문가,4,"서울밝은눈안과, 누네안과병원, 글로리서울안과"
노안교정술,수술/시술 안전성,전문가,5,
노안교정술,수술/시술 안전성,전문가,6,"서울밝은눈안과, 센트럴안과, 이안과, 누네안과병원"
노안교정술,수술/시술 안전성,전문가,7,루시아안과
노안교정술,수술/시술 안전성,전문가,8,아이리움안과
노안교정술,수술/시술 안전성,전문가,9,"서울밝은눈안과, 센트럴안과, 강남성모안과"
노안교정술,수술/시술 안전성,전문가,10,"드림성모안과, 아이리움안과, 누네안과병원"
노안교정술,의료진의 전문성 및 경험,추천,1,
노안교정술,의료진의 전문성 및 경험,추천,2,"누네안과병원, 이안과, 서울밝은눈안과, 강남GS안과"
노안교정술,의료진의 전문성 및 경험,추천,3,
노안교정술,의료진의 전문성 및 경험,추천,4,
노안교정술,의료진의 전문성 및 경험,추천,5,"온누리스마일안과, 강남성모안과"
노안교정술,의료진의 전문성 및 경험,추천,6,"압구정안과, 드림성모안과, 센트럴안과, 강남GS안과, 차움안과"
노안교정술,의료진의 전문성 및 경험,추천,7,"강남밝은세상안과, 차움안과, 센트럴안과, 누네안과병원, 드림성모안과"
노안교정술,의료진의 전문성 및 경험,추천,8,
노안교정술,의료진의 전문성 및 경험,추천,9,"BGN밝은눈안과, 센트럴안과, 강남성모안과, 글로리서울안과, 강남밝은세상안과"
노안교정술,의료진의 전문성 및 경험,추천,10,
노안교정술,의료진의 전문성 및 경험,비교,1,"루시아안과, 온누리스마일안과"
노안교정술,의료진의 전문성 및 경험,비교,2,
노안교정술,의료진의 전문성 및 경험,비교,3,"누네안과병원, 센트럴안과, BGN밝은눈안과"
노안교정술,의료진의 전문성 및 경험,비교,4,"이안과, 서울밝은눈안과, 드림성모안과, 강남성모안과"
노안교정술,의료진의 전문성 및 경험,비교,5,
노안교정술,의료진의 전문성 및 경험,비교,6,"강남성모안과, 아이리움안과, 이안과, 누네안과병원"
노안교정술,의료진의 전문성 및 경험,비교,7,"강남성모안과, 아이리움안과, 루시아안과"
노안교정술,의료진의 전문성 및 경험,비교,8,
노안교정술,의료진의 전문성 및 경험,비교,9,"강남GS안과, BGN밝은눈안과, 센트럴안과"
노안교정술,의료진의 전문성 및 경험,비교,10,"BGN밝은눈안과, 누네안과병원"
노안교정술,의료진의 전문성 및 경험,후기,1,
노안교정술,의료진의 전문성 및 경험,후기,2,"강남밝은세상안과, 누네안과병원"
노안교정술,의료진의 전문성 및 경험,후기,3,"강남GS안과, 누네안과병원, 드림성모안과"
노안교정술,의료진의 전문성 및 경험,후기,4,
노안교정술,의료진의 전문성 및 경험,후기,5,이안과
노안교정술,의료진의 전문성 및 경험,후기,6,
노안교정술,의료진의 전문성 및 경험,후기,7,글로리서울안과
노안교정술,의료진의 전문성 및 경험,후기,8,아이리움안과
노안교정술,의료진의 전문성 및 경험,후기,9,"누네안과병원, 드림성모안과, 루시아안과"
노안교정술,의료진의 전문성 및 경험,후기,10,글로리서울안과
노안교정술,의료진의 전문성 및 경험,전문가,1,
노안교정술,의료진의 전문성 및 경험,전문가,2,"압구정안과, 센트럴안과, 드림성모안과"
노안교정술,의료진의 전문성 및 경험,전문가,3,
노안교정술,의료진의 전문성 및 경험,전문가,4,"드림성모안과, 아이리움안과"
노안교정술,의료진의 전문성 및 경험,전문가,5,
노안교정술,의료진의 전문성 및 경험,전문가,6,
노안교정술,의료진의 전문성 및 경험,전문가,7,
노안교정술,의료진의 전문성 및 경험,전문가,8,드림성모안과
노안교정술,의료진의 전문성 및 경험,전문가,9,누네안과병원
노안교정술,의료진의 전문성 및 경험,전문가,10,"글로리서울안과, 센트럴안과"
노안교정술,최신 장비 및 기술 도입 여부,추천,1,"차움안과, 강남GS안과"
노안교정술,최신 장비 및 기술 도입 여부,추천,2,
노안교정술,최신 장비 및 기술 도입 여부,추천,3,"센트럴안과, 아이리움안과, 강남밝은세상안과, 서울밝은눈안과, 드림성모안과"
노안교정술,최신 장비 및 기술 도입 여부,추천,4,"BGN밝은눈안과, 강남성모안과, 누네안과병원"
노안교정술,최신 장비 및 기술 도입 여부,추천,5,"강남GS안과, 압구정안과, 아이리움안과, 온누리스마일안과"
노안교정술,최신 장비 및 기술 도입 여부,추천,6,"압구정안과, 강남성모안과"
노안교정술,최신 장비 및 기술 도입 여부,추천,7,"압구정안과, 이안과"
노안교정술,최신 장비 및 기술 도입 여부,추천,8,
노안교정술,최신 장비 및 기술 도입 여부,추천,9,"누네안과병원, 드림성모안과, 강남성모안과, 강남밝은세상안과"
노안교정술,최신 장비 및 기술 도입 여부,추천,10,"루시아안과, 누네안과병원, BGN밝은눈안과, 드림성모안과"
노안교정술,최신 장비 및 기술 도입 여부,비교,1,"BGN밝은눈안과, 이안과"
노안교정술,최신 장비 및 기술 도입 여부,비교,2,"누네안과병원, 강남성모안과"
노안교정술,최신 장비 및 기술 도입 여부,비교,3,"온누리스마일안과, 강남밝은세상안과"
노안교정술,최신 장비 및 기술 도입 여부,비교,4,"온누리스마일안과, 누네안과병원"
노안교정술,최신 장비 및 기술 도입 여부,비교,5,
노안교정술,최신 장비 및 기술 도입 여부,비교,6,"강남성모안과, 루시아안과, 누네안과병원, 강남밝은세상안과"
노안교정술,최신 장비 및 기술 도입 여부,비교,7,"센트럴안과, 이안과, 강남성모안과, 누네안과병원"
노안교정술,최신 장비 및 기술 도입 여부,비교,8,
노안교정술,최신 장비 및 기술 도입 여부,비교,9,"센트럴안과, 드림성모안과"
노안교정술,최신 장비 및 기술 도입 여부,비교,10,"드림성모안과, 누네안과병원, 센트럴안과"
노안교정술,최신 장비 및 기술 도입 여부,후기,1,센트럴안과
노안교정술,최신 장비 및 기술 도입 여부,후기,2,누네안과병원
노안교정술,최신 장비 및 기술 도입 여부,후기,3,"누네안과병원, 글로리서울안과, 아이리움안과"
노안교정술,최신 장비 및 기술 도입 여부,후기,4,"BGN밝은눈안과, 아이리움안과"
노안교정술,최신 장비 및 기술 도입 여부,후기,5,"누네안과병원, 강남성모안과, 글로리서울안과"
노안교정술,최신 장비 및 기술 도입 여부,후기,6,누네안과병원
노안교정술,최신 장비 및 기술 도입 여부,후기,7,"센트럴안과, 압구정안과, BGN밝은눈안과"
노안교정술,최신 장비 및 기술 도입 여부,후기,8,"누네안과병원, 온누리스마일안과"
노안교정술,최신 장비 및 기술 도입 여부,후기,9,
노안교정술,최신 장비 및 기술 도입 여부,후기,10,누네안과병원
노안교정술,최신 장비 및 기술 도입 여부,전문가,1,
노안교정술,최신 장비 및 기술 도입 여부,전문가,2,
노안교정술,최신 장비 및 기술 도입 여부,전문가,3,
노안교정술,최신 장비 및 기술 도입 여부,전문가,4,
노안교정술,최신 장비 및 기술 도입 여부,전문가,5,이안과
노안교정술,최신 장비 및 기술 도입 여부,전문가,6,"차움안과, 드림성모안과, 루시아안과, 강남밝은세상안과"
노안교정술,최신 장비 및 기술 도입 여부,전문가,7,
노안교정술,최신 장비 및 기술 도입 여부,전문가,8,강남성모안과
노안교정술,최신 장비 및 기술 도입 여부,전문가,9,"누네안과병원, 센트럴안과"
노안교정술,최신 장비 및 기술 도입 여부,전문가,10,누네안과병원
